<?xml version="1.0" encoding="UTF-8"?>
<ti:module
    xmlns:ti="http://ti.appcelerator.org"
    xmlns:android="http://schemas.android.com/apk/res/android">
    <android
        xmlns:android="http://schemas.android.com/apk/res/android">
        <manifest>
            <uses-sdk
                android:minSdkVersion="7"
                android:targetSdkVersion="23" />
            <uses-permission android:name="android.permission.BLUETOOTH" />
            <uses-permission android:name="android.permission.BLUETOOTH_ADMIN" />
            <uses-permission-sdk-23 android:name="android.permission.ACCESS_COARSE_LOCATION" />
            <application>
                <service
                    android:name="org.altbeacon.beacon.service.BeaconService"
                    android:enabled="true"
                    android:exported="false"
                    android:isolatedProcess="false"
                    android:label="beacon" />
                <service
                    android:name="org.altbeacon.beacon.BeaconIntentProcessor"
                    android:enabled="true"
                    android:exported="false" />
            </application>
        </manifest>
    </android>
    <mobileweb></mobileweb>
</ti:module>
